// decimal,binary,whitespace_STL,whitespace_ \t\n,
0,0000,SSSSSSSLSSSSSSSLSSSSSSSSSSSL,       \n       \n           \n
1,0001,SSSSSSSLSSSSSSSLSSSSSSSSSSTL,       \n       \n          \t\n
2,0010,SSSSSSSLSSSSSSSLSSSSSSSSSTSL,       \n       \n         \t \n
3,0011,SSSSSSSLSSSSSSSLSSSSSSSSSTTL,       \n       \n         \t\t\n
4,0100,SSSSSSSLSSSSSSSLSSSSSSSSTSSL,       \n       \n         \t  \n
5,0101,SSSSSSSLSSSSSSSLSSSSSSSSTSTL,       \n       \n        \t \t\n
6,0110,SSSSSSSLSSSSSSSLSSSSSSSSTTSL,       \n       \n        \t\t \n
7,0111,SSSSSSSLSSSSSSSLSSSSSSSSTTTL,       \n       \n        \t\t\t\n
8,1000,SSSSSSSLSSSSSSSLSSSSSSSTSSSL,       \n       \n       \t   \n
9,1001,SSSSSSSLSSSSSSSLSSSSSSSTSSTL,       \n       \n       \t  \t\n
10,1010,SSSSSSSLSSSSSSSLSSSSSSSTSTSL,       \n       \n       \t \t \n
11,1011,SSSSSSSLSSSSSSSLSSSSSSSTSTTL,       \n       \n       \t \t\t\n
12,1100,SSSSSSSLSSSSSSSLSSSSSSSTTSSL,       \n       \n       \t\t  \n
//
240,11110000,SSSSSSSLSSSSSSSLSSSTTTTSSSSL,       \n       \n   \t\t\t\t    \n
241,11110001,SSSSSSSLSSSSSSSLSSSTTTTSSSTL,       \n       \n   \t\t\t\t   \t\n
242,11110010,SSSSSSSLSSSSSSSLSSSTTTTSSTSL,       \n       \n   \t\t\t\t  \t \n
243,11110011,SSSSSSSLSSSSSSSLSSSTTTTSSTTL,       \n       \n   \t\t\t\t  \t\t\n
244,11110100,SSSSSSSLSSSSSSSLSSSTTTTSTSSL,       \n       \n   \t\t\t\t \t  \n
245,11110101,SSSSSSSLSSSSSSSLSSSTTTTSTSTL,       \n       \n   \t\t\t\t \t \t\n
246,11110110,SSSSSSSLSSSSSSSLSSSTTTTSTTSL,       \n       \n   \t\t\t\t \t\t \n
247,11110111,SSSSSSSLSSSSSSSLSSSTTTTSTTTL,       \n       \n   \t\t\t\t \t\t\t\n
248,11111000,SSSSSSSLSSSSSSSLSSSTTTTTSSSL,       \n       \n   \t\t\t\t\t   \n
249,11111001,SSSSSSSLSSSSSSSLSSSTTTTTSSTL,       \n       \n   \t\t\t\t\t  \t\n
250,11111010,SSSSSSSLSSSSSSSLSSSTTTTTSTSL,       \n       \n   \t\t\t\t\t \t \n
251,11111011,SSSSSSSLSSSSSSSLSSSTTTTTSTTL,       \n       \n   \t\t\t\t\t \t\t\n
252,11111100,SSSSSSSLSSSSSSSLSSSTTTTTTSSL,       \n       \n   \t\t\t\t\t\t  \n
253,11111101,SSSSSSSLSSSSSSSLSSSTTTTTTSTL,       \n       \n   \t\t\t\t\t\t \t\n
254,11111110,SSSSSSSLSSSSSSSLSSSTTTTTTTSL,       \n       \n   \t\t\t\t\t\t\t \n
255,11111111,SSSSSSSLSSSSSSSLSSSTTTTTTTTL,       \n       \n   \t\t\t\t\t\t\t\t\n
//
325,0000000101000101,SSSSSSSLSSSSSSTLSSSSTSSSTSTL,       \n      \t\n    \t   \t \t\n
//
428,0000000110101100,SSSSSSSLSSSSSSTLSSSTSTSTTSSL,       \n      \t\n   \t \t \t\t  \n
//
8346,0010000010011010,SSSSSTSLSSSSSSSLSSSTSSTTSTSL,     \t \n       \n   \t  \t\t \t \n
// 
13107,0011001100110011,SSSSSTTLSSSSSTTLSSSSSTTSSTTL,     \t\t\n     \t\t\n     \t\t  \t\t\n
// 
46802,1011011011010010,SSSTSTTLSSSSTTSLSSSTTSTSSTSL,   \t \t\t\n    \t\t \n   \t\t \t  \t \n,
//
65533,1111111111111101,SSSTTTTLSSSTTTTLSSSTTTTTTSTL,   \t\t\t\t\n   \t\t\t\t\n   \t\t\t\t\t\t \t\n,
65534,1111111111111110,SSSTTTTLSSSTTTTLSSSTTTTTTTSL,   \t\t\t\t\n   \t\t\t\t\n   \t\t\t\t\t\t\t \n,
65535,1111111111111111,SSSTTTTLSSSTTTTLSSSTTTTTTTL,   \t\t\t\t\n   \t\t\t\t\n   \t\t\t\t\t\t\t\t\n,
